bin_data/recycle/images686.jpg,1
bin_data/recycle/image22.jpeg,1
bin_data/recycle/images651.jpg,1
bin_data/recycle/images679.jpg,1
bin_data/recycle/images334.jpg,1
bin_data/recycle/image5 9.56.55 AM 9.57.50 AM.jpeg,1
bin_data/recycle/images240.jpg,1
bin_data/recycle/image18.jpeg,1
bin_data/recycle/images164 9.56.55 AM 9.57.51 AM.jpg,1
bin_data/recycle/images25 9.56.55 AM 9.57.50 AM.jpg,1
bin_data/recycle/1938579.jpg,1
bin_data/recycle/u0026Carry6G10057255_x.jpg,1
bin_data/recycle/61WU7Z7qFWL._SL1500_.jpg,1
bin_data/recycle/images52 9.56.55 AM 9.57.50 AM.jpg,1
bin_data/recycle/images106 9.56.55 AM 9.57.51 AM.jpg,1
bin_data/recycle/images861.jpg,1
bin_data/recycle/images138 9.56.56 AM 9.57.51 AM.jpg,1
bin_data/recycle/71ARmkmwmL._AC_SX425_ 9.56.55 AM 9.57.50 AM.jpg,1
bin_data/recycle/images487.jpg,1
bin_data/recycle/images478.jpg,1
bin_data/recycle/images323.jpg,1
bin_data/recycle/images121.jpg,1
bin_data/recycle/rubbermaid-recycling-bins-rcp295773blue-64_1000.jpg,1
bin_data/recycle/images120 9.56.55 AM 9.57.51 AM.jpg,1
bin_data/recycle/1910834 9.57.50 AM.jpg,1
bin_data/recycle/images294.jpg,1
bin_data/recycle/images509.jpg,1
bin_data/recycle/images737.jpg,1
bin_data/recycle/images127 9.56.55 AM 9.57.51 AM.jpg,1
bin_data/recycle/images482.jpg,1
bin_data/recycle/images469.jpg,1
bin_data/recycle/81cFCbFbxYL._AC_SX522_.jpg,1
bin_data/recycle/images642.jpg,1
bin_data/recycle/images656.jpg,1
bin_data/recycle/images55 9.56.55 AM 9.57.50 AM.jpg,1
bin_data/recycle/images534.jpg,1
bin_data/recycle/images35.jpg,1
bin_data/recycle/images91 9.56.55 AM 9.57.51 AM.jpg,1
bin_data/recycle/images536.jpg,1
bin_data/recycle/images6 9.56.55 AM 9.57.50 AM.jpg,1
bin_data/recycle/image28 9.56.55 AM 9.57.50 AM.jpeg,1
bin_data/recycle/image2 9.56.55 AM 9.57.50 AM.jpeg,1
bin_data/recycle/images37 9.56.55 AM 9.57.50 AM.jpg,1
bin_data/recycle/images59 9.56.55 AM 9.57.51 AM.jpg,1
bin_data/recycle/image23.jpeg,1
bin_data/recycle/images709.jpg,1
bin_data/recycle/images279.jpg,1
bin_data/recycle/images578.jpg,1
bin_data/recycle/images183.jpg,1
bin_data/recycle/1938860.jpg,1
bin_data/recycle/9623f0dc-9439-4c9c-8b71-b88293f62b98-large16x9_trash2.PNG.jpg,1
bin_data/recycle/images829.jpg,1
bin_data/recycle/images815.jpg,1
bin_data/recycle/8059b043-3def-4ea2-9703-8c1563d6bff1-Still1127_00000 9.57.50 AM.jpg,1
bin_data/recycle/images119 9.56.55 AM 9.57.51 AM.jpg,1
bin_data/recycle/2149390.jpg,1
bin_data/recycle/images419.jpg,1
bin_data/recycle/images425.jpg,1
bin_data/recycle/images753.jpg,1
bin_data/recycle/images790.jpg,1
bin_data/recycle/images78.jpg,1
bin_data/recycle/22_Gallon_recycle_and_trash_cans__67839.1520257895.jpg,1
bin_data/recycle/images551.jpg,1
bin_data/recycle/image12.jpeg,1
bin_data/recycle/image29 9.56.55 AM 9.57.50 AM.jpeg,1
bin_data/recycle/images46.jpg,1
bin_data/recycle/image3 9.56.55 AM 9.57.50 AM.jpeg,1
bin_data/recycle/images27 9.56.55 AM 9.57.50 AM.jpg,1
bin_data/recycle/images745.jpg,1
bin_data/recycle/2011695_A_ecommfullsize 9.57.50 AM.jpg,1
bin_data/recycle/126524436_web1__DSC3633-426x381 9.57.50 AM.jpg,1
bin_data/recycle/image24.jpeg,1
bin_data/recycle/images180.jpg,1
bin_data/recycle/71W4tFCFjiL._SL1500_.jpg,1
bin_data/recycle/images341.jpg,1
bin_data/recycle/images369.jpg,1
bin_data/recycle/1953046 9.57.50 AM.jpg,1
bin_data/recycle/images368.jpg,1
bin_data/recycle/images397.jpg,1
bin_data/recycle/images58 9.56.55 AM 9.57.50 AM.jpg,1
bin_data/recycle/images181.jpg,1
bin_data/recycle/images787.jpg,1
bin_data/recycle/images94.jpg,1
bin_data/recycle/images80.jpg,1
bin_data/recycle/images224.jpg,1
bin_data/recycle/images754.jpg,1
bin_data/recycle/images813.jpg,1
bin_data/recycle/images807.jpg,1
bin_data/recycle/images60 9.56.55 AM 9.57.51 AM.jpg,1
bin_data/recycle/images103 9.56.55 AM 9.57.51 AM.jpg,1
bin_data/recycle/image25.jpeg,1
bin_data/recycle/007-295573blue.jpg,1
bin_data/recycle/images68 9.56.55 AM 9.57.51 AM.jpg,1
bin_data/recycle/images56.jpg,1
bin_data/recycle/images225.jpg,1
bin_data/recycle/125-101stdb.jpg,1
bin_data/recycle/images543.jpg,1
bin_data/recycle/recycle-bin-featured.jpg,1
bin_data/recycle/images81.jpg,1
bin_data/recycle/007-295673blue_002.jpg,1
bin_data/recycle/image13.jpeg,1
bin_data/recycle/images555.jpg,1
bin_data/recycle/images780.jpg,1
bin_data/recycle/images192.jpg,1
bin_data/recycle/images151.jpg,1
bin_data/recycle/images384.jpg,1
bin_data/recycle/images42 9.56.55 AM 9.57.50 AM.jpg,1
bin_data/recycle/images435.jpg,1
bin_data/recycle/images391.jpg,1
bin_data/recycle/images781.jpg,1
bin_data/recycle/images232.jpg,1
bin_data/recycle/images69.jpg,1
bin_data/recycle/images75 9.56.55 AM 9.57.51 AM.jpg,1
bin_data/recycle/image10.jpeg,1
bin_data/recycle/images773.jpg,1
bin_data/recycle/images175.jpg,1
bin_data/recycle/images131 9.56.55 AM 9.57.51 AM.jpg,1
bin_data/recycle/images362.jpg,1
bin_data/recycle/images174.jpg,1
bin_data/recycle/images34 9.56.55 AM 9.57.50 AM.jpg,1
bin_data/recycle/images558.jpg,1
bin_data/recycle/4a50d710-46b7-4416-bfa1-2c24bfaa8c6a_1.42508554a32232e0d7d5929694b3441b.jpeg,1
bin_data/recycle/images65.jpg,1
bin_data/recycle/images599.jpg,1
bin_data/recycle/philadelphia-recycling-bins.jpg,1
bin_data/recycle/images770.jpg,1
bin_data/recycle/images758.jpg,1
bin_data/recycle/images69 9.56.55 AM 9.57.51 AM.jpg,1
bin_data/recycle/Stacking18GallonRecyclingBin.jpg,1
bin_data/recycle/images823.jpg,1
bin_data/recycle/images610.jpg,1
bin_data/recycle/61VFqj9IOL._AC_SL1500_.jpg,1
bin_data/recycle/images348.jpg,1
bin_data/recycle/images163.jpg,1
bin_data/recycle/image27 9.56.55 AM 9.57.50 AM.jpeg,1
bin_data/recycle/images188.jpg,1
bin_data/recycle/images759.jpg,1
bin_data/recycle/images765.jpg,1
bin_data/recycle/images72.jpg,1
bin_data/recycle/image.jpeg,1
bin_data/recycle/images205.jpg,1
bin_data/recycle/images76.jpg,1
bin_data/recycle/images211.jpg,1
bin_data/recycle/images198.jpg,1
bin_data/recycle/images615.jpg,1
bin_data/recycle/image6 9.56.55 AM 9.57.50 AM.jpeg,1
bin_data/recycle/images402.jpg,1
bin_data/recycle/images364.jpg,1
bin_data/recycle/images51 9.56.55 AM 9.57.50 AM.jpg,1
bin_data/recycle/images8.jpg,1
bin_data/recycle/images26 9.56.55 AM 9.57.50 AM.jpg,1
bin_data/recycle/4a50d710-46b7-4416-bfa1-2c24bfaa8c6a_1.42508554a32232e0d7d5929694b3441b 9.57.50 AM.jpeg,1
bin_data/recycle/images88.jpg,1
bin_data/recycle/images548.jpg,1
bin_data/recycle/images33 9.56.55 AM 9.57.50 AM.jpg,1
bin_data/recycle/images170.jpg,1
bin_data/recycle/images95 9.56.55 AM 9.57.51 AM.jpg,1
bin_data/recycle/images366.jpg,1
bin_data/recycle/images400.jpg,1
bin_data/recycle/images373.jpg,1
bin_data/recycle/images165.jpg,1
bin_data/recycle/image9.jpeg,1
bin_data/recycle/images830.jpg,1
bin_data/recycle/images824.jpg,1
bin_data/recycle/images118 9.56.55 AM 9.57.51 AM.jpg,1
bin_data/recycle/images561.jpg,1
bin_data/recycle/images74.jpg,1
bin_data/recycle/images506.jpg,1
bin_data/recycle/images710.jpg,1
bin_data/recycle/images704.jpg,1
bin_data/recycle/image2.jpeg,1
bin_data/recycle/images857.jpg,1
bin_data/recycle/images670.jpg,1
bin_data/recycle/images76 9.56.55 AM 9.57.51 AM.jpg,1
bin_data/recycle/image18 9.56.55 AM 9.57.50 AM.jpeg,1
bin_data/recycle/images103.jpg,1
bin_data/recycle/images115 9.56.55 AM 9.57.51 AM.jpg,1
bin_data/recycle/images842.jpg,1
bin_data/recycle/image20.jpeg,1
bin_data/recycle/10066062-13gal-upcycled-recycle-bin-.jpg,1
bin_data/recycle/images288.jpg,1
bin_data/recycle/images100 9.56.55 AM 9.57.51 AM.jpg,1
bin_data/recycle/71W4tFCFjiL._SL1500_ 9.57.50 AM.jpg,1
bin_data/recycle/images464.jpg,1
bin_data/recycle/images302.jpg,1
bin_data/recycle/images316.jpg,1
bin_data/recycle/images100.jpg,1
bin_data/recycle/images666.jpg,1
bin_data/recycle/images276.jpg,1
bin_data/recycle/images110.jpg,1
bin_data/recycle/images104.jpg,1
bin_data/recycle/images529.jpg,1
bin_data/recycle/image17.jpeg,1
bin_data/recycle/images298.jpg,1
bin_data/recycle/images79 9.56.55 AM 9.57.51 AM.jpg,1
bin_data/recycle/images846.jpg,1
bin_data/recycle/images852.jpg,1
bin_data/recycle/image21.jpeg,1
bin_data/recycle/image30 9.56.55 AM 9.57.50 AM.jpeg,1
bin_data/recycle/61VFqj9IOL._AC_SL1500_ 9.57.50 AM.jpg,1
bin_data/recycle/007-295673blue_004 9.57.50 AM.jpg,1
bin_data/recycle/image3.jpeg,1
bin_data/recycle/images714.jpg,1
bin_data/recycle/images153 9.56.56 AM 9.57.51 AM.jpg,1
bin_data/trash/images296.jpg,0
bin_data/trash/images255.jpg,0
bin_data/trash/images26.jpg,0
bin_data/trash/images533.jpg,0
bin_data/trash/images241.jpg,0
bin_data/trash/images269.jpg,0
bin_data/trash/image34.jpeg,0
bin_data/trash/image29 9.19.25 AM.jpeg,0
bin_data/trash/images490.jpg,0
bin_data/trash/images320.jpg,0
bin_data/trash/images491.jpg,0
bin_data/trash/61d6L7mMC3S._AC_SL1500_.jpg,0
bin_data/trash/image30 9.19.25 AM.jpeg,0
bin_data/trash/TF1016__05351.1603400791.jpg,0
bin_data/trash/image18.jpeg,0
bin_data/trash/images283.jpg,0
bin_data/trash/image17 9.14.51 AM.jpeg,0
bin_data/trash/images31.jpg,0
bin_data/trash/images256.jpg,0
bin_data/trash/images518.jpg,0
bin_data/trash/images487.jpg,0
bin_data/trash/images444.jpg,0
bin_data/trash/images322.jpg,0
bin_data/trash/images478.jpg,0
bin_data/trash/images479.jpg,0
bin_data/trash/455-20GALLON-WLID.jpg,0
bin_data/trash/images135.jpg,0
bin_data/trash/image43.jpeg,0
bin_data/trash/images243.jpg,0
bin_data/trash/image14.jpeg,0
bin_data/trash/image15.jpeg,0
bin_data/trash/images290.jpg,0
bin_data/trash/images521.jpg,0
bin_data/trash/default_name.jpg,0
bin_data/trash/images34.jpg,0
bin_data/trash/images496.jpg,0
bin_data/trash/images482.jpg,0
bin_data/trash/images455.jpg,0
bin_data/trash/images333.jpg,0
bin_data/trash/images327.jpg,0
bin_data/trash/images440.jpg,0
bin_data/trash/images483.jpg,0
bin_data/trash/images497.jpg,0
bin_data/trash/images130.jpg,0
bin_data/trash/image39.jpeg,0
bin_data/trash/Best-Outdoor-Trash-Brute.jpg,0
bin_data/trash/images520.jpg,0
bin_data/trash/images291.jpg,0
bin_data/trash/image14 9.19.24 AM.jpeg,0
bin_data/trash/images278.jpg,0
bin_data/trash/images23.jpg,0
bin_data/trash/image2 9.19.24 AM.jpeg,0
bin_data/trash/image22 9.14.51 AM.jpeg,0
bin_data/trash/image9 9.14.51 AM.jpeg,0
bin_data/trash/images324.jpg,0
bin_data/trash/images457.jpg,0
bin_data/trash/images443.jpg,0
bin_data/trash/images325.jpg,0
bin_data/trash/images319.jpg,0
bin_data/trash/images480.jpg,0
bin_data/trash/2074923.jpg,0
bin_data/trash/3b0b7bac-5990-4c94-8b43-ab55be813f78_1.273f69761b68f41f268ebea7fe0a90dd.jpeg,0
bin_data/trash/images36.jpg,0
bin_data/trash/images537.jpg,0
bin_data/trash/images279.jpg,0
bin_data/trash/best-outdoor-garbage-cans.jpg,0
bin_data/trash/images550.jpg,0
bin_data/trash/images45.jpg,0
bin_data/trash/images236.jpg,0
bin_data/trash/images544.jpg,0
bin_data/trash/images79.jpg,0
bin_data/trash/TRD32-008-LGE_grande.jpg,0
bin_data/trash/browns-tans-suncast-trash-can-storage-ghw1732-c3_600.jpg,0
bin_data/trash/image20 9.19.25 AM.jpeg,0
bin_data/trash/EK9642_Transparent.png,0
bin_data/trash/images140.jpg,0
bin_data/trash/de8ca188bea50bddd93334f51405ac7e.jpg,0
bin_data/trash/images424.jpg,0
bin_data/trash/images357.jpg,0
bin_data/trash/images425.jpg,0
bin_data/trash/images343.jpg,0
bin_data/trash/images394.jpg,0
bin_data/trash/images155.jpg,0
bin_data/trash/images141.jpg,0
bin_data/trash/utp-lx-36ft.jpg,0
bin_data/trash/images196.jpg,0
bin_data/trash/images182.jpg,0
bin_data/trash/feature-8.jpg,0
bin_data/trash/image45.jpeg,0
bin_data/trash/images579.jpg,0
bin_data/trash/images78.jpg,0
bin_data/trash/images93.jpg,0
bin_data/trash/images87.jpg,0
bin_data/trash/images584.jpg,0
bin_data/trash/outdoor-trash-can-perforated-metal-thermoplastic-ultraplay.jpg,0
bin_data/trash/images85.jpg,0
bin_data/trash/images547.jpg,0
bin_data/trash/images221.jpg,0
bin_data/trash/images52.jpg,0
bin_data/trash/images235.jpg,0
bin_data/trash/image23 9.14.51 AM.jpeg,0
bin_data/trash/TF1014__85300.1603920198.jpg,0
bin_data/trash/BLACK-TRASH-CAN__19344.1601827176.jpg,0
bin_data/trash/images194.jpg,0
bin_data/trash/image24.jpeg,0
bin_data/trash/images180.jpg,0
bin_data/trash/image15 9.19.24 AM.jpeg,0
bin_data/trash/images157.jpg,0
bin_data/trash/images143.jpg,0
bin_data/trash/AdelitaOutdoorWickerTrashCan.jpg,0
bin_data/trash/images5.jpg,0
bin_data/trash/images368.jpg,0
bin_data/trash/YVfRoBs3MNBMQubWfy-QvsiPVF4wRdKxc7Ih34GDVDCcb47whGN_Q_7A5EOtP-9oHx0As113 9.19.25 AM.jpg,0
bin_data/trash/images4.jpg,0
bin_data/trash/image6.jpeg,0
bin_data/trash/images195.jpg,0
bin_data/trash/images552.jpg,0
bin_data/trash/images546.jpg,0
bin_data/trash/images84.jpg,0
bin_data/trash/images90.jpg,0
bin_data/trash/125-exp52bl.jpg,0
bin_data/trash/images94.jpg,0
bin_data/trash/image 9.19.24 AM.jpeg,0
bin_data/trash/images57.jpg,0
bin_data/trash/images556.jpg,0
bin_data/trash/image7.jpeg,0
bin_data/trash/images152.jpg,0
bin_data/trash/images146.jpg,0
bin_data/trash/images393.jpg,0
bin_data/trash/images378.jpg,0
bin_data/trash/images422.jpg,0
bin_data/trash/images423.jpg,0
bin_data/trash/images345.jpg,0
bin_data/trash/image31 9.19.25 AM.jpeg,0
bin_data/trash/image4 9.19.24 AM.jpeg,0
bin_data/trash/images153.jpg,0
bin_data/trash/84a7df79-adc9-4658-a024-c35394789a08_2.e8868382449f64d3b1ed0b00a2ed5a42.jpeg,0
bin_data/trash/image25.jpeg,0
bin_data/trash/image33.jpeg,0
bin_data/trash/rubbermaid-outdoor-trash-cans-2008186-64_1000.jpg,0
bin_data/trash/images557.jpg,0
bin_data/trash/image19 9.14.51 AM.jpeg,0
bin_data/trash/images580.jpg,0
bin_data/trash/images83.jpg,0
bin_data/trash/images97.jpg,0
bin_data/trash/images40.jpg,0
bin_data/trash/images555.jpg,0
bin_data/trash/images54.jpg,0
bin_data/trash/image16 9.14.51 AM.jpeg,0
bin_data/trash/HD_8809.jpg,0
bin_data/trash/images186.jpg,0
bin_data/trash/images179.jpg,0
bin_data/trash/images145.jpg,0
bin_data/trash/images151.jpg,0
bin_data/trash/images390.jpg,0
bin_data/trash/utp-lx-36rb.jpg,0
bin_data/trash/images421.jpg,0
bin_data/trash/images352.jpg,0
bin_data/trash/images420.jpg,0
bin_data/trash/sctp40_blk_door_open__2.jpg,0
bin_data/trash/image29.jpeg,0
bin_data/trash/images144.jpg,0
bin_data/trash/images2.jpg,0
bin_data/trash/images193.jpg,0
bin_data/trash/images187.jpg,0
bin_data/trash/image27 9.19.25 AM.jpeg,0
bin_data/trash/images554.jpg,0
bin_data/trash/images96.jpg,0
bin_data/trash/images82.jpg,0
bin_data/trash/image10.jpeg,0
bin_data/trash/image5 9.14.51 AM.jpeg,0
bin_data/trash/images571.jpg,0
bin_data/trash/images565.jpg,0
bin_data/trash/image41 9.19.25 AM.jpeg,0
bin_data/trash/images58.jpg,0
bin_data/trash/images559.jpg,0
bin_data/trash/images405.jpg,0
bin_data/trash/images363.jpg,0
bin_data/trash/images439.jpg,0
bin_data/trash/images438.jpg,0
bin_data/trash/faux-gravel-indoor-outdoor-trash-can.media-1.jpg,0
bin_data/trash/images362.jpg,0
bin_data/trash/image22 9.19.25 AM.jpeg,0
bin_data/trash/images174.jpg,0
bin_data/trash/images59.jpg,0
bin_data/trash/images564.jpg,0
bin_data/trash/images216.jpg,0
bin_data/trash/images98.jpg,0
bin_data/trash/images73.jpg,0
bin_data/trash/images214.jpg,0
bin_data/trash/images189.jpg,0
bin_data/trash/images412.jpg,0
bin_data/trash/81KdponjkLL._AC_SL1500_.jpg,0
bin_data/trash/images406.jpg,0
bin_data/trash/images349.jpg,0
bin_data/trash/images413.jpg,0
bin_data/trash/images188.jpg,0
bin_data/trash/image30.jpeg,0
bin_data/trash/images573.jpg,0
bin_data/trash/images567.jpg,0
bin_data/trash/images99.jpg,0
bin_data/trash/outdoor-trash-receptacle-2.jpg,0
bin_data/trash/image.jpeg,0
bin_data/trash/image6 9.19.24 AM.jpeg,0
bin_data/trash/images239.jpg,0
bin_data/trash/images76.jpg,0
bin_data/trash/images577.jpg,0
bin_data/trash/image10 9.19.24 AM.jpeg,0
bin_data/trash/image27.jpeg,0
bin_data/trash/images9.jpg,0
bin_data/trash/images402.jpg,0
bin_data/trash/images370.jpg,0
bin_data/trash/713KyaWDWZL._AC_SL1500_.jpg,0
bin_data/trash/fgaltrash1.ra2_zoom.jpg,0
bin_data/trash/images576.jpg,0
bin_data/trash/images63.jpg,0
bin_data/trash/images204.jpg,0
bin_data/trash/images61.jpg,0
bin_data/trash/images75.jpg,0
bin_data/trash/image18 9.19.25 AM.jpeg,0
bin_data/trash/image25 9.19.25 AM.jpeg,0
bin_data/trash/images414.jpg,0
bin_data/trash/images373.jpg,0
bin_data/trash/images171.jpg,0
bin_data/trash/images165.jpg,0
bin_data/trash/Canyon-5471-Grey-Trash.jpg,0
bin_data/trash/71u1o-lH2L._AC_SX466_.jpg,0
bin_data/trash/image46.jpeg,0
bin_data/trash/images561.jpg,0
bin_data/trash/images207.jpg,0
bin_data/trash/images575.jpg,0
bin_data/trash/images48.jpg,0
bin_data/trash/images549.jpg,0
bin_data/trash/image11.jpeg,0
bin_data/trash/redexpandedmeta.jpg,0
bin_data/trash/images506.jpg,0
bin_data/trash/images13.jpg,0
bin_data/trash/image7 9.19.24 AM.jpeg,0
bin_data/trash/image2.jpeg,0
bin_data/trash/images116.jpg,0
bin_data/trash/732801-XL-Waste-Black__28076.1609377903.jpg,0
bin_data/trash/image11 9.19.24 AM.jpeg,0
bin_data/trash/images472.jpg,0
bin_data/trash/images314.jpg,0
bin_data/trash/images473.jpg,0
bin_data/trash/images498.jpg,0
bin_data/trash/Best_Outdoor_Trash_Can_Slim-1-300x300.jpg,0
bin_data/trash/image20.jpeg,0
bin_data/trash/image36.jpeg,0
bin_data/trash/images12.jpg,0
bin_data/trash/s-l640.jpg,0
bin_data/trash/image19 9.19.25 AM.jpeg,0
bin_data/trash/images10.jpg,0
bin_data/trash/images263.jpg,0
bin_data/trash/images505.jpg,0
bin_data/trash/images277.jpg,0
bin_data/trash/image24 9.19.25 AM.jpeg,0
bin_data/trash/g2wDywFYgqvg1sdaMAOrEVdfJadHZi8s1607454939.jpg,0
bin_data/trash/images115.jpg,0
bin_data/trash/images459.jpg,0
bin_data/trash/images458.jpg,0
bin_data/trash/image28 9.14.51 AM.jpeg,0
bin_data/trash/images470.jpg,0
bin_data/trash/wst42stblk.rw_zoom.jpg,0
bin_data/trash/images100.jpg,0
bin_data/trash/images114.jpg,0
bin_data/trash/images510.jpg,0
bin_data/trash/007-fgmt22plabz.jpg,0
bin_data/trash/images276.jpg,0
bin_data/trash/images262.jpg,0
bin_data/trash/images504.jpg,0
bin_data/trash/image8 9.19.24 AM.jpeg,0
bin_data/trash/images29.jpg,0
bin_data/trash/images500.jpg,0
bin_data/trash/images514.jpg,0
bin_data/trash/IMG_3660-ADAopen_grande.jpg,0
bin_data/trash/images104.jpg,0
bin_data/trash/image12 9.14.51 AM.jpeg,0
bin_data/trash/images474.jpg,0
bin_data/trash/31HF1ceVrgL.jpg,0
bin_data/trash/images460.jpg,0
bin_data/trash/images461.jpg,0
bin_data/trash/images475.jpg,0
bin_data/trash/1958451.jpg,0
bin_data/trash/home-design.jpg,0
bin_data/trash/images105.jpg,0
bin_data/trash/125-10gpc.jpg,0
bin_data/trash/images501.jpg,0
bin_data/trash/images14.jpg,0
bin_data/trash/sc-2633_blk_1.jpg,0
bin_data/trash/91O-5ktZSgL._AC_SL1500_.jpg,0
bin_data/trash/images517.jpg,0
bin_data/trash/images271.jpg,0
bin_data/trash/images265.jpg,0
bin_data/trash/images16.jpg,0
bin_data/trash/10GPCL-WCD24CL-WCD24C-001-C.jpg,0
bin_data/trash/images.jpg,0
bin_data/trash/TRD32-outdoor-top-300_grande.jpg,0
bin_data/trash/image21.jpeg,0
bin_data/trash/images107.jpg,0
bin_data/trash/images477.jpg,0
bin_data/trash/images304.jpg,0
bin_data/trash/images489.jpg,0
bin_data/trash/images106.jpg,0
bin_data/trash/glasdon-jubilee-29g-brown-side-view-ginc.jpg,0
bin_data/trash/images17.jpg,0
bin_data/trash/images516.jpg,0
bin_data/trash/images258.jpg,0
bin_data/trash/TRASHCAN42GRDST330.jpg,0